"type";"class";"is_tunnel";"is_bridge";"is_oneway";"is_link";"layer";"geometry"
"subway";"railway";1;0;0;0;-4;"{""type"":""LineString"",""coordinates"":[[-7911376.83577752,5215149.32768337],[-7911223.94305953,5214985.12120609],[-7911049.57108871,5214808.959765],[-7910997.91637818,5214757.302695],[-7910931.34189125,5214705.34286129],[-7910859.37426438,5214649.21645975],[-7910830.71037877,5214628.89992084],[-7910729.49103269,5214569.18798399],[-7910702.35738055,5214549.97013898],[-7910664.65205446,5214530.79021299],[-7910634.34596706,5214512.80985683],[-7910607.33361392,5214495.06944058],[-7910578.00724918,5214474.1345295],[-7910409.42030736,5214366.45557357],[-7910387.62381101,5214347.64218562],[-7910118.89988338,5214078.91785327],[-7910094.7053992,5214060.10503671],[-7910073.51539783,5214050.25673154],[-7909939.15343401,5214004.86627795],[-7909913.46603913,5213992.64435156],[-7909832.85819153,5213947.2415483],[-7909791.00070752,5213920.96711117],[-7909640.53396944,5213822.70060507],[-7909606.90615572,5213799.63343865],[-7909573.3903103,5213771.38980896],[-7909547.70291541,5213740.63376625],[-7909533.66955474,5213716.74613699],[-7909523.51776192,5213691.65914091],[-7909513.66455124,5213651.95187734],[-7909510.38014769,5213616.42380239],[-7909510.97731197,5213577.90364149],[-7909513.3659691,5213547.75424436],[-7909520.83052265,5213514.60011864],[-7909537.70041366,5213476.42125403],[-7909984.14603051,5212830.24459798],[-7910015.67443854,5212770.85961191],[-7910035.25956091,5212714.92141656],[-7910045.85922694,5212659.60213604],[-7910044.99147259,5212553.35770588],[-7910053.17448942,5210563.37589547],[-7910096.85145835,5210316.8204983],[-7910134.37017061,5210207.20732378],[-7910136.60020598,5210196.36597453],[-7910136.15233276,5210177.39679842],[-7910131.67360064,5210157.79661843],[-7910127.00825467,5210143.6991541],[-7910113.76800282,5210105.0795294],[-7910107.30183331,5210089.90938002],[-7910100.17318468,5210076.69546771],[-7910092.28874999,5210063.8854366],[-7910085.18809343,5210053.78887256],[-7910076.0906688,5210042.78363002],[-7909984.16469189,5209947.54842991]]}"
"motorway";"highway";1;0;1;1;-2;"{""type"":""LineString"",""coordinates"":[[-7910059.33274609,5213149.86189856],[-7910066.19080466,5213169.21577511],[-7910071.04276447,5213182.52237723],[-7910074.72838778,5213197.40710897],[-7910077.47161121,5213213.41548102],[-7910078.75924669,5213231.59536853],[-7910078.31137348,5213251.2145363],[-7910076.25862126,5213270.3161203],[-7910071.97583366,5213292.25837076],[-7910064.57659496,5213321.27069943],[-7910055.89905146,5213349.67711259],[-7910044.77686668,5213383.09578865],[-7910036.93908546,5213411.03525588],[-7910011.61558755,5213482.67076002]]}"
"motorway";"highway";1;0;1;1;-2;"{""type"":""LineString"",""coordinates"":[[-7910059.33274609,5213149.86189856],[-7910069.82044382,5213166.79180406],[-7910077.56491813,5213181.4366386],[-7910083.8351431,5213197.45760853],[-7910089.87210078,5213214.74109664],[-7910105.40770285,5213265.34187727]]}"
"motorway";"highway";1;0;1;1;-2;"{""type"":""LineString"",""coordinates"":[[-7910038.36668132,5213360.26957025],[-7910031.37799306,5213400.24073888],[-7910023.31627524,5213434.17722677],[-7910018.21238675,5213457.28137852],[-7910011.61558755,5213482.67076002],[-7909953.2801016,5213649.09851601],[-7909944.01472451,5213677.9604318],[-7909935.48647209,5213705.77451351],[-7909927.39676218,5213738.92930867],[-7909919.37236712,5213768.63741683],[-7909911.50659382,5213795.34070452],[-7909901.28948616,5213829.9856496]]}"
"motorway";"highway";1;0;1;1;-2;"{""type"":""LineString"",""coordinates"":[[-7908758.78358191,5213357.9465511],[-7909205.4064819,5213287.71336648],[-7909249.39136367,5213279.97423924],[-7909291.07156452,5213271.08624445],[-7909332.71444261,5213261.61750919],[-7909378.21089647,5213250.20453954],[-7909423.14750882,5213237.93308752],[-7909462.65365845,5213226.58327106],[-7909497.62509181,5213216.18033666],[-7909537.02860384,5213203.61855611],[-7909892.25737636,5213086.15724581],[-7909911.88915219,5213081.85221042],[-7909930.98907857,5213079.087394],[-7909950.78880685,5213078.2036629],[-7909968.41448391,5213080.16049617],[-7909984.69654133,5213085.26088931],[-7909999.04714552,5213091.05564623],[-7910012.85656958,5213099.42585693],[-7910025.02379186,5213109.09642633],[-7910036.68715677,5213120.90059425],[-7910049.44221264,5213134.59849741],[-7910059.33274609,5213149.86189856]]}"
"motorway";"highway";1;0;1;1;-1;"{""type"":""LineString"",""coordinates"":[[-7910117.92949142,5213119.32249609],[-7910102.75778634,5213139.62317101],[-7910089.06033059,5213161.61561796],[-7910080.04688218,5213181.19676613],[-7910073.44075229,5213201.42182435],[-7910064.48328804,5213238.1603365]]}"
"motorway";"highway";1;0;1;1;0;"{""type"":""LineString"",""coordinates"":[[-7910109.34525484,5213029.92682045],[-7910136.32028522,5213031.34078305],[-7910159.72166058,5213033.41122866],[-7910179.58670371,5213035.54479809],[-7910199.23714091,5213039.35744999],[-7910217.68391886,5213044.92493448],[-7910234.22723566,5213052.60074613],[-7910250.46263962,5213062.82675488],[-7910263.74954493,5213074.16375033],[-7910274.17192782,5213085.56388304],[-7910283.42797421,5213098.35275258],[-7910291.34973166,5213112.39149204],[-7910297.36802796,5213126.75849696],[-7910302.21998776,5213141.97138621],[-7910305.73765862,5213156.33843602]]}"
"motorway";"highway";1;0;1;1;0;"{""type"":""LineString"",""coordinates"":[[-7910499.51746866,5212560.07369207],[-7910463.19308497,5212649.71741502],[-7910455.70053934,5212667.07564844],[-7910444.91425947,5212689.06699786],[-7910434.96774187,5212708.48305374],[-7910419.97331994,5212731.8505444],[-7910404.68031586,5212755.4453301],[-7910389.835185,5212775.56848433],[-7910375.40060458,5212794.05051559],[-7910361.26460631,5212810.0582057],[-7910345.4304221,5212826.28053757],[-7910328.98041222,5212840.9627187],[-7910310.51497289,5212855.85953794],[-7910290.31402486,5212871.31185657],[-7910269.41327493,5212885.56487545],[-7910249.34295659,5212897.19202188],[-7910227.94767999,5212907.60723031],[-7910202.52154447,5212917.8583315],[-7910180.38914321,5212925.93802499],[-7910158.01414396,5212932.94463976],[-7910134.69674482,5212939.95125972],[-7910112.73229602,5212946.54127458],[-7909485.37389331,5213153.03073018],[-7909438.06728521,5213168.69815624],[-7909381.29002481,5213185.71646952],[-7909333.1996386,5213196.86423878],[-7909292.90971083,5213203.64380591],[-7909262.40767891,5213207.10302825]]}"
"motorway";"highway";1;0;1;1;0;"{""type"":""LineString"",""coordinates"":[[-7910048.02394747,5213962.45575595],[-7910095.19992588,5213946.57237624],[-7910113.43209791,5213939.19886085],[-7910130.33931169,5213931.26981305],[-7910145.45503262,5213923.12613232],[-7910175.75178932,5213905.43732436],[-7910204.70492639,5213885.94305895],[-7910230.85885587,5213860.72935681],[-7910252.36610077,5213834.01325895],[-7910271.51268062,5213808.10528142],[-7910286.43245701,5213781.43983473],[-7910301.89341354,5213747.12333345],[-7910312.25981228,5213709.73894216],[-7910369.1397103,5213437.33352833],[-7910394.30458643,5213368.84202082]]}"
"motorway";"highway";1;0;1;1;0;"{""type"":""LineString"",""coordinates"":[[-7910177.56194356,5212908.60456603],[-7910159.64701505,5212912.46766484],[-7910138.98886311,5212917.94670311],[-7910118.70393885,5212924.03172168],[-7910095.2932328,5212931.58118999],[-7909385.04096297,5213165.75656661],[-7909353.35393317,5213175.47770318],[-7909321.58292714,5213183.45661755],[-7909289.66263004,5213188.44344244],[-7909253.84210372,5213191.78903529],[-7909219.21590596,5213193.80901646],[-7909185.1682111,5213194.61700905],[-7909150.98055586,5213194.84425697],[-7909073.05061685,5213193.69539251],[-7909028.74849156,5213197.30610987],[-7908981.76845769,5213203.03781089],[-7908926.99729605,5213213.27660701],[-7908845.43771787,5213230.40862481],[-7908822.9694117,5213234.13298061],[-7908806.63137013,5213236.93571712],[-7908790.26533648,5213238.95570792],[-7908773.89930283,5213240.81157484],[-7908758.06511863,5213242.26344378],[-7908742.80943732,5213242.89469121],[-7908726.8726155,5213242.93256606],[-7908706.65300609,5213241.96044503],[-7908687.23583617,5213240.31920195],[-7908671.62558857,5213238.37496052],[-7908653.47739277,5213235.42072431],[-7908636.65415521,5213232.30236486],[-7908618.20737727,5213228.40126077],[-7908600.60036159,5213224.63903245],[-7908581.79901735,5213219.66481342],[-7908564.60255212,5213215.38496715],[-7908547.60203142,5213210.92837412],[-7908531.62788683,5213206.14353579],[-7908515.66307294,5213200.5759565],[-7908498.14003349,5213193.68276762],[-7908237.57113061,5213085.93000049]]}"
"motorway";"highway";1;0;1;1;0;"{""type"":""LineString"",""coordinates"":[[-7910369.1397103,5213437.33352833],[-7910386.5974349,5213366.06449548]]}"
"motorway";"highway";1;0;1;0;0;"{""type"":""LineString"",""coordinates"":[[-7910348.36959005,5212976.36051792],[-7910312.25048159,5212974.06284215],[-7910278.4733768,5212973.40636346],[-7910243.3153296,5212974.46682905],[-7910199.47040821,5212977.14324276],[-7910160.77602877,5212981.35985834],[-7910126.14050032,5212986.11933387],[-7910086.97025559,5212993.88347017],[-7910051.10307581,5213001.38249567],[-7910015.11459703,5213009.47488506],[-7909979.1821024,5213017.64302927],[-7909945.82487874,5213026.02579974],[-7909916.69445853,5213034.53482434],[-7909485.24326362,5213176.66444003],[-7909451.35419053,5213187.53445138],[-7909412.7624487,5213199.13671885],[-7909367.88182051,5213212.69586119],[-7909323.91560012,5213224.51278321],[-7909282.94453185,5213234.20873024],[-7909242.1787388,5213242.91994111],[-7909199.25755592,5213250.46966369],[-7909152.26819135,5213257.74164296],[-7908944.33372166,5213285.5166152],[-7908915.09133314,5213288.92536741],[-7908886.84732867,5213291.60187001],[-7908858.23009651,5213294.18999824],[-7908830.53660286,5213295.86912571],[-7908803.3096438,5213296.58875186],[-7908774.01127114,5213296.89175236],[-7908746.01919534,5213296.03325096]]}"
"motorway";"highway";1;0;1;0;0;"{""type"":""LineString"",""coordinates"":[[-7908210.49346262,5213118.62813297],[-7908236.05022783,5213130.2808152],[-7908260.80455352,5213142.26175695],[-7908287.27572653,5213155.30319971],[-7908312.96312142,5213168.2310368],[-7908338.92110637,5213181.76488515],[-7908364.47787157,5213195.39975193],[-7908388.11251423,5213208.37814336],[-7908410.84207978,5213220.75055644],[-7908432.92782758,5213232.1003659],[-7908459.77222827,5213245.23030708],[-7908485.55293008,5213257.48914358],[-7908511.00705766,5213268.27087284],[-7908537.81413558,5213279.02736439],[-7908561.9619663,5213287.37249125],[-7908585.95117526,5213294.70762396],[-7908611.2280197,5213300.70450949],[-7908636.30891961,5213305.67877109],[-7908661.44580368,5213309.25165605],[-7908688.97134487,5213312.48366622],[-7908716.56220092,5213314.52892322],[-7908745.21675584,5213315.94292832],[-7908773.79666523,5213316.82668161],[-7908803.68287148,5213316.52368048],[-7908831.40435721,5213315.80405281],[-7908859.73233791,5213314.09967171],[-7908888.68547498,5213311.47366292],[-7908917.18140814,5213308.77190464],[-7908946.81568571,5213305.32527019],[-7909155.11405239,5213277.49973985],[-7909202.50463671,5213270.16462047],[-7909245.98566111,5213262.51388239],[-7909287.23665014,5213253.70165378],[-7909328.58094609,5213244.30868561],[-7909373.69484158,5213232.99673631],[-7909418.35153316,5213220.78843119],[-7909457.66173827,5213209.5017598],[-7909492.39057364,5213199.17459352],[-7909531.54215699,5213186.68858478],[-7909903.08097901,5213063.83673165],[-7909934.36678905,5213055.97154039],[-7909965.13941104,5213049.4698222],[-7910000.94127598,5213043.01860722],[-7910036.99506961,5213037.3248771],[-7910072.84358801,5213033.10823659],[-7910109.34525484,5213029.92682045],[-7910154.66442556,5213026.32879158],[-7910183.66421608,5213024.20784888],[-7910219.7180097,5213021.70816703],[-7910253.28983927,5213019.97858957],[-7910293.62642049,5213019.22111049],[-7910330.12808733,5213019.95334027],[-7910363.33601991,5213021.9101615]]}"
"pedestrian";"highway";0;0;0;0;0;"{""type"":""LineString"",""coordinates"":[[-7910022.30856051,5212947.07150586],[-7910034.97964015,5212942.64028822],[-7910105.64097015,5212919.42377157],[-7910130.51659484,5212911.01584647]]}"
"pedestrian";"highway";0;0;0;0;0;"{""type"":""LineString"",""coordinates"":[[-7909412.1839458,5213573.61100789],[-7909542.50572,5213343.14994256],[-7909543.0842229,5213339.82954638],[-7909542.21646855,5213336.44602599],[-7909537.78438989,5213329.86836482],[-7909535.41439414,5213324.91934062],[-7909534.26671903,5213320.46269603],[-7909534.56530117,5213315.56417693],[-7909536.4967544,5213311.47366292],[-7909539.8558035,5213307.78715181],[-7909545.03433752,5213305.72927123],[-7909551.15527143,5213305.41364541],[-7909556.74435589,5213304.69401859],[-7909559.74883869,5213303.02751458],[-7909561.9322206,5213300.64138436],[-7909574.03412804,5213280.23936421],[-7909558.9370685,5213261.11251024],[-7909557.5467954,5213256.95889492],[-7909558.61049428,5213252.5780321],[-7909586.6865463,5213201.18195137],[-7909599.54423978,5213177.54818031],[-7909646.41230535,5213174.4677145],[-7909767.46870247,5212953.90139238],[-7909777.8444319,5212928.39980797],[-7909796.28187916,5212912.4045423],[-7909885.94982862,5212910.63711129],[-7909945.35834415,5212904.19861538],[-7910009.69346502,5212889.94556846],[-7910014.20951991,5212888.22863954],[-7910018.45498474,5212885.45125519],[-7910030.14634173,5212867.39827676],[-7910045.71926656,5212866.27470091],[-7910061.03093202,5212865.15112521],[-7910058.06377199,5212874.64471292]]}"
"pedestrian";"highway";0;0;0;0;0;"{""type"":""LineString"",""coordinates"":[[-7910105.64097015,5212919.42377157],[-7910092.72729252,5212944.01636414],[-7910059.06215603,5212955.45421385],[-7910034.97964015,5212942.64028822]]}"
"path";"highway";0;0;0;0;0;"{""type"":""LineString"",""coordinates"":[[-7910035.53015098,5213483.3777751],[-7910017.71786008,5213477.83528331],[-7910013.2951121,5213475.53748584],[-7910010.45858175,5213472.55792512],[-7910008.06059393,5213468.26533929],[-7910006.93158021,5213463.1268641],[-7910008.4431523,5213456.96574765],[-7910021.63675069,5213421.80453481],[-7910023.99741575,5213415.42881719],[-7910025.69560168,5213409.26773178],[-7910026.08749074,5213404.34391641],[-7910025.56497199,5213399.49585454],[-7910023.9321009,5213393.32215434]]}"
"path";"highway";0;0;0;0;0;"{""type"":""LineString"",""coordinates"":[[-7911728.97609101,5210958.02934408],[-7911717.94721315,5210973.79411437],[-7911719.738706,5210988.1326312],[-7911709.31632311,5210991.04830056],[-7911584.18241362,5211115.31218657],[-7911518.49434242,5211173.24786185],[-7911493.35745836,5211193.79680959],[-7911479.07216901,5211205.48499018],[-7911411.00477137,5211256.85761803],[-7911357.85715013,5211291.49327672],[-7911317.83781243,5211317.16716669],[-7911277.23997184,5211338.06985417],[-7911228.5990748,5211354.71882728],[-7911166.4939893,5211367.26553294],[-7911098.12800952,5211379.61029578],[-7911073.60695113,5211384.04078208],[-7911050.90537766,5211395.9816472],[-7911032.99977984,5211411.50731886],[-7911029.14620407,5211425.78338575],[-7911029.41679414,5211475.40266804],[-7911022.84798702,5211541.69675743],[-7911016.61508481,5211562.53682695],[-7911002.87097559,5211628.22563205],[-7910980.17873282,5211694.50816837],[-7910953.30634005,5211754.23984779],[-7910923.12155165,5211818.78128497],[-7910857.88135367,5211962.87450248],[-7910856.44442711,5211968.66857259],[-7910857.06025278,5211974.65199511],[-7910859.43957922,5211980.74903081],[-7910863.71303613,5211985.93719471],[-7910869.37676613,5211989.57269812],[-7910875.40439312,5211991.42832019],[-7910879.8178104,5211991.66816252],[-7910885.75213047,5211990.6583001],[-7910877.27986219,5211997.13404475],[-7910868.30373656,5212004.31669847],[-7910872.58652415,5212005.41492544],[-7910818.74843171,5212057.5114248],[-7910823.64704497,5212062.81324114],[-7910831.57813311,5212072.1797906],[-7910837.54977595,5212077.78457665],[-7910818.80441586,5212095.79817949],[-7910808.29805675,5212108.82555763],[-7910798.2862243,5212121.86557714],[-7910791.12958359,5212132.58289607],[-7910785.85774265,5212142.27772505],[-7910780.30598095,5212153.94182933],[-7910765.00364618,5212189.03521673],[-7910754.83319198,5212223.8131444],[-7910756.76464521,5212233.52069039],[-7910735.99452497,5212287.89070605],[-7910724.80702534,5212310.44924161],[-7910658.90434823,5212496.49924672],[-7910549.28737942,5212456.53189296],[-7910537.08283437,5212486.34959321],[-7910509.01611304,5212476.19995057],[-7910491.95960819,5212522.80760323],[-7910481.21998178,5212518.6290638],[-7910448.36661548,5212599.85212149],[-7910162.66082854,5212553.23146558],[-7910139.37142148,5212544.87436171],[-7910136.05902585,5212538.9284509],[-7910121.45649297,5212524.57496186],[-7910110.70753587,5212504.8563079],[-7910148.32888574,5212521.57045239],[-7910153.37679007,5212532.36396772],[-7910124.67558169,5212612.52671804],[-7910093.38044095,5212684.69902198],[-7910067.08655109,5212677.01088436],[-7910057.34530871,5212672.27681258],[-7910045.98985663,5212668.21182483],[-7910047.08154759,5212731.20670677],[-7910039.91557618,5212827.94695766],[-7910035.13826191,5212853.63763799],[-7910030.14634173,5212867.39827676],[-7910018.45498474,5212885.45125519],[-7910014.20951991,5212888.22863954],[-7910009.69346502,5212889.94556846],[-7909945.35834415,5212904.19861538],[-7909885.94982862,5212910.63711129],[-7909796.28187916,5212912.4045423],[-7909777.8444319,5212928.39980797],[-7909767.46870247,5212953.90139238],[-7909646.41230535,5213174.4677145],[-7909599.54423978,5213177.54818031],[-7909586.6865463,5213201.18195137],[-7909558.61049428,5213252.5780321],[-7909557.5467954,5213256.95889492],[-7909558.9370685,5213261.11251024],[-7909574.03412804,5213280.23936421],[-7909561.9322206,5213300.64138436],[-7909559.74883869,5213303.02751458],[-7909556.74435589,5213304.69401859],[-7909551.15527143,5213305.41364541],[-7909545.03433752,5213305.72927123],[-7909539.8558035,5213307.78715181],[-7909536.4967544,5213311.47366292],[-7909534.56530117,5213315.56417693],[-7909534.26671903,5213320.46269603],[-7909535.41439414,5213324.91934062],[-7909537.78438989,5213329.86836482],[-7909542.21646855,5213336.44602599],[-7909543.0842229,5213339.82954638],[-7909542.50572,5213343.14994256],[-7909412.1839458,5213573.61100789]]}"
"path";"highway";0;0;0;0;0;"{""type"":""LineString"",""coordinates"":[[-7910154.48714241,5213404.57116937],[-7910161.46649997,5213378.19723714],[-7910165.38539059,5213363.36272162]]}"
"path";"highway";0;0;0;0;0;"{""type"":""LineString"",""coordinates"":[[-7910154.48714241,5213404.57116937],[-7910209.49157135,5213421.1227747]]}"
"path";"highway";0;0;0;0;0;"{""type"":""LineString"",""coordinates"":[[-7910109.21462516,5213476.90101394],[-7910123.08936406,5213425.8698461],[-7910124.92751037,5213422.44841939],[-7910128.04396148,5213419.62037759],[-7910136.54422183,5213414.30517632],[-7910154.48714241,5213404.57116937]]}"
"path";"highway";0;0;0;0;0;"{""type"":""LineString"",""coordinates"":[[-7910161.46649997,5213378.19723714],[-7910216.96545558,5213394.69829576],[-7910255.48255188,5213393.09490166],[-7910260.69840867,5213393.1832777],[-7910266.18485552,5213394.20591486],[-7910322.36495164,5213411.0731314]]}"
"path";"highway";0;0;0;0;0;"{""type"":""LineString"",""coordinates"":[[-7910235.61750876,5213096.35804129],[-7910246.82366977,5213107.41733198],[-7910256.3782983,5213117.27728125],[-7910264.73859827,5213128.02097647],[-7910272.20315182,5213139.06767933],[-7910277.87621251,5213150.43001571],[-7910281.84175659,5213161.1611237],[-7910284.39836617,5213171.66499649],[-7910286.0965521,5213182.24463013],[-7910286.42312632,5213194.30138693],[-7910285.15415222,5213205.00729486],[-7910281.76711105,5213215.73846471],[-7910277.55896899,5213226.14139861],[-7910272.38043496,5213235.50909889],[-7910266.20351691,5213244.19506105],[-7910258.8136089,5213252.90628112],[-7910250.22937232,5213260.99888548],[-7910241.15060907,5213268.25824786],[-7910232.97692294,5213273.40924229],[-7910223.68355377,5213278.13098963],[-7910214.00762624,5213281.8679892],[-7910204.63961154,5213284.48136478],[-7910195.26226615,5213285.99636544],[-7910185.59566931,5213286.90536595]]}"
"path";"highway";0;0;0;0;0;"{""type"":""LineString"",""coordinates"":[[-7910540.62849731,5213094.89356998],[-7910523.60931522,5213076.36045257],[-7910518.23483667,5213071.89130026],[-7910511.96461169,5213068.60887335],[-7910505.39580457,5213066.21017749],[-7910498.35113216,5213065.59156655],[-7910382.37996215,5213061.74102997],[-7910318.78196594,5213058.15561371],[-7910307.55714355,5213058.92572061],[-7910295.64184995,5213061.31178992],[-7910285.11682945,5213064.61946372],[-7910273.09889824,5213069.50522828],[-7910262.46190944,5213074.85811018],[-7910252.5620453,5213081.42296946],[-7910244.27639087,5213088.15195495],[-7910235.61750876,5213096.35804129],[-7910228.11563244,5213105.15749869],[-7910221.798754,5213113.56559619],[-7910193.75069406,5213159.94913913],[-7910190.2330232,5213165.81969084],[-7910182.80579242,5213183.45661755],[-7910179.99725415,5213188.97368727],[-7910161.42917721,5213217.30395403],[-7910158.74193793,5213222.97254254],[-7910156.95044508,5213229.2471311],[-7910156.65186294,5213234.9283517],[-7910156.95044508,5213240.00357832],[-7910157.84619151,5213245.3818065],[-7910159.63768436,5213250.45703872],[-7910163.52858289,5213256.71902053],[-7910185.59566931,5213286.90536595],[-7910179.34410571,5213310.56466005]]}"
"path";"highway";0;0;0;0;0;"{""type"":""LineString"",""coordinates"":[[-7909884.89546043,5213487.54411503],[-7909949.48250998,5213511.38066479]]}"
"path";"highway";0;0;0;0;0;"{""type"":""LineString"",""coordinates"":[[-7909920.60401846,5213592.06934616],[-7909922.78740037,5213585.99652365],[-7909930.15864699,5213565.39188253],[-7909940.28244774,5213537.07319956],[-7909949.48250998,5213511.38066479],[-7909964.9621279,5213468.11383629],[-7909963.46921719,5213455.27396638],[-7909887.40541656,5213480.5497151],[-7909884.89546043,5213487.54411503],[-7909875.64874473,5213513.2239598],[-7909865.47829052,5213541.5299461],[-7909855.89566991,5213568.19471711]]}"
"path";"highway";0;0;0;0;0;"{""type"":""LineString"",""coordinates"":[[-7910123.08936406,5213425.8698461],[-7910184.71858427,5213444.82027983]]}"
"path";"highway";0;0;0;0;0;"{""type"":""LineString"",""coordinates"":[[-7910316.39330881,5213431.37443187],[-7910322.36495164,5213411.0731314],[-7910349.23734441,5213340.61230126]]}"
"path";"highway";0;0;0;0;0;"{""type"":""LineString"",""coordinates"":[[-7910136.54422183,5213414.30517632],[-7910102.90707741,5213404.21766477],[-7910085.36537658,5213466.80081045]]}"
"motorway";"highway";0;0;1;1;0;"{""type"":""LineString"",""coordinates"":[[-7910675.60628679,5213053.23198092],[-7910624.3621267,5213040.54416976],[-7910592.40450683,5213033.66372206],[-7910560.51220181,5213027.31351513],[-7910529.21706107,5213021.61979445],[-7910496.03712056,5213015.86295397],[-7910463.6129661,5213011.17921132],[-7910429.77054647,5213007.24032443],[-7910396.89851879,5213004.12204013]]}"
"motorway";"highway";0;0;1;1;0;"{""type"":""LineString"",""coordinates"":[[-7910396.89851879,5213004.12204013],[-7910370.75392,5213003.33931306],[-7910351.57001739,5213003.90742141],[-7910334.36422147,5213005.2330077],[-7910317.75558983,5213007.05095491],[-7910295.24996089,5213010.25761264],[-7910271.65264099,5213015.49683923],[-7910252.22614039,5213021.37992603],[-7910232.82763187,5213029.15671591],[-7910215.46321418,5213037.22387969]]}"
"motorway";"highway";0;0;1;1;0;"{""type"":""LineString"",""coordinates"":[[-7910305.73765862,5213156.33843602],[-7910307.75308808,5213169.6576449],[-7910307.90237915,5213183.24199477],[-7910306.28816944,5213196.42236773],[-7910303.62892224,5213209.23663681],[-7910300.30719591,5213221.89942418],[-7910295.19397674,5213234.53697861],[-7910288.91442107,5213245.89942957],[-7910281.59915859,5213256.18877192],[-7910272.95893786,5213266.33925066],[-7910263.02175096,5213275.71961569],[-7910252.46873838,5213284.16573967],[-7910242.60619701,5213290.37724373],[-7910231.93188544,5213295.80600061],[-7910220.4178116,5213300.71713451]]}"
"motorway";"highway";0;0;1;1;0;"{""type"":""LineString"",""coordinates"":[[-7910111.07143285,5213111.86125151],[-7910093.17516573,5213137.22445715],[-7910086.62501999,5213148.73828921],[-7910081.95034334,5213159.68401753],[-7910076.56653409,5213174.18996764],[-7910072.44236826,5213188.20356979],[-7910068.76607564,5213202.06569395],[-7910061.8706943,5213232.17611551]]}"
"motorway";"highway";0;0;1;1;0;"{""type"":""LineString"",""coordinates"":[[-7910396.89851879,5213004.12204013],[-7910348.28561383,5212999.55192493],[-7910326.06923634,5212998.30208717],[-7910310.62694119,5212997.9864716],[-7910294.5408283,5212998.73132436],[-7910280.35817657,5213000.57451957],[-7910264.90655073,5213003.16256825],[-7910252.47806908,5213005.72536837],[-7910240.02159535,5213009.37388796],[-7910226.47343066,5213013.84301076],[-7910212.81329767,5213019.23373514],[-7910198.59332317,5213026.24041895],[-7910187.47113839,5213033.03248858],[-7910174.44549245,5213041.21327778],[-7910164.08842441,5213048.61134325],[-7910152.54635849,5213058.59747832],[-7910142.43188844,5213068.48262619],[-7910131.78556894,5213080.65286073],[-7910124.33034609,5213090.08354079],[-7910117.2576816,5213101.01657654],[-7910111.07143285,5213111.86125151],[-7910104.92250687,5213124.14516492],[-7910100.36912921,5213135.41910975],[-7910096.74882074,5213146.35219786],[-7910092.60599352,5213161.0979995],[-7910082.29557894,5213208.99676364],[-7910074.89634024,5213241.8468205],[-7910055.87105939,5213327.74735413],[-7910052.70795482,5213341.55918226],[-7910051.0004382,5213354.97965249],[-7910049.73146409,5213369.10714828],[-7910049.20894535,5213384.11842472],[-7910047.42678319,5213425.04920858],[-7910046.64300506,5213436.43713858],[-7910044.54359938,5213448.36796684],[-7910035.53015098,5213483.3777751]]}"
"motorway";"highway";0;0;1;1;0;"{""type"":""LineString"",""coordinates"":[[-7910394.30458643,5213368.84202082],[-7910398.40076019,5213359.57518946],[-7910404.01783674,5213348.89435695],[-7910432.89632826,5213294.94749931],[-7910445.59539998,5213270.63174495],[-7910502.36332969,5213167.18317434],[-7910508.97879027,5213156.40156018],[-7910515.75287262,5213146.26382412],[-7910523.32006377,5213137.09820907],[-7910531.24182122,5213128.75321466],[-7910539.81672711,5213120.52185067],[-7910547.95309047,5213114.19683505],[-7910556.26673698,5213107.99807134],[-7910566.34388427,5213101.79931169],[-7910577.81130465,5213096.16866998],[-7910590.84628128,5213091.1566442]]}"
"motorway";"highway";0;0;1;1;0;"{""type"":""LineString"",""coordinates"":[[-7910215.46321418,5213037.22387969],[-7910199.46107752,5213044.79868763],[-7910183.96279822,5213053.86321575],[-7910169.8734534,5213064.4805919],[-7910159.09650422,5213073.63351193],[-7910147.75971353,5213084.79377398],[-7910138.33571468,5213095.0703165],[-7910128.49183469,5213106.59672206],[-7910117.92949142,5213119.32249609]]}"
"motorway";"highway";0;0;1;1;0;"{""type"":""LineString"",""coordinates"":[[-7910215.46321418,5213037.22387969],[-7910202.11099403,5213046.94488431],[-7910191.59530422,5213055.20143373],[-7910180.56642636,5213064.06397644],[-7910169.40691881,5213074.6182404],[-7910161.14925645,5213083.88479287],[-7910152.35974465,5213094.75469771],[-7910145.42704054,5213104.52626044],[-7910137.70122762,5213116.98691128],[-7910130.69387798,5213129.01833539],[-7910124.37699955,5213141.74413955],[-7910119.53437043,5213153.87659378],[-7910115.40087391,5213169.1147763],[-7910113.01221677,5213183.00212225],[-7910111.30470015,5213195.99312158],[-7910110.65155172,5213210.09513034],[-7910111.34202292,5213225.06827991],[-7910113.62804244,5213239.72582953],[-7910117.22035884,5213253.94152809],[-7910122.50153047,5213270.50549509],[-7910128.06262286,5213284.96111496],[-7910133.73568355,5213296.22262627],[-7910140.82700942,5213307.00439964],[-7910149.24329355,5213317.92506082],[-7910157.91150635,5213327.25497672],[-7910167.37282797,5213335.84002247],[-7910177.54328217,5213342.61968909],[-7910187.36850078,5213347.87172468],[-7910198.71462217,5213352.15163084],[-7910208.9690526,5213354.8660266],[-7910219.30745926,5213356.97441826],[-7910231.18543009,5213358.14855275],[-7910242.90477915,5213358.08542723],[-7910255.4545598,5213356.11591142],[-7910267.30453855,5213352.85863617],[-7910280.0875865,5213348.30097772],[-7910292.30146224,5213342.84694058],[-7910304.12344892,5213336.59752688],[-7910316.66389887,5213329.08561082],[-7910328.05667372,5213321.08132363],[-7910337.93787648,5213311.73878877],[-7910349.32132063,5213299.39150686],[-7910362.01106166,5213283.97636461]]}"
"motorway";"highway";0;0;1;1;0;"{""type"":""LineString"",""coordinates"":[[-7910445.59539998,5213270.63174495],[-7910455.72853142,5213247.18717487],[-7910460.91639613,5213233.05986099],[-7910465.89898563,5213218.13719845],[-7910470.72295335,5213201.77532138],[-7910475.24833894,5213183.62074086],[-7910477.70231092,5213168.01641435],[-7910479.47514239,5213153.64934683],[-7910480.25892051,5213138.66368539],[-7910480.33356604,5213124.54915823],[-7910479.84837006,5213101.24382222],[-7910479.16722955,5213084.52865448]]}"
"motorway";"highway";0;0;1;1;0;"{""type"":""LineString"",""coordinates"":[[-7910105.40770285,5213265.34187727],[-7910116.32461241,5213293.29362204],[-7910123.37861551,5213308.60777916],[-7910131.1417512,5213320.7909474],[-7910140.70571043,5213332.6206294],[-7910149.98041821,5213341.38243114],[-7910160.35614763,5213348.86910677],[-7910171.29171858,5213355.44678114],[-7910182.42323405,5213360.87557533],[-7910193.30282084,5213365.38273939],[-7910205.00350853,5213368.64001895],[-7910216.38695268,5213370.62216248],[-7910228.76878088,5213371.27866871],[-7910239.9562805,5213371.17766775],[-7910250.58393861,5213370.14240796],[-7910262.79781435,5213367.46588316],[-7910274.51716342,5213363.60259871],[-7910286.46977978,5213358.48943053],[-7910298.29176646,5213352.64400955],[-7910309.10603841,5213345.94008626],[-7910319.14586293,5213338.32716217],[-7910327.39419459,5213330.94149541],[-7910336.89283898,5213322.11657806],[-7910345.59837455,5213312.44579109],[-7910352.78300734,5213301.41151098],[-7910362.01106166,5213283.97636461],[-7910367.79609066,5213273.83849195],[-7910373.04927021,5213261.70588401],[-7910377.1174519,5213249.68691624],[-7910381.10165735,5213236.00147153],[-7910405.3334643,5213136.10084929]]}"
"motorway";"highway";0;0;1;1;0;"{""type"":""LineString"",""coordinates"":[[-7910201.1032793,5213094.81782147],[-7910183.44027947,5213127.65485739],[-7910166.37444393,5213161.83024026],[-7910152.39706742,5213191.5239128],[-7910133.06387373,5213236.05197129]]}"
"motorway";"highway";0;0;1;1;0;"{""type"":""LineString"",""coordinates"":[[-7910337.64862503,5212900.10827908],[-7910319.60306683,5212898.46709526],[-7910300.96967504,5212897.33089125],[-7910285.73265512,5212897.01527905],[-7910268.07898598,5212897.2677688],[-7910253.32716204,5212898.11360955],[-7910236.13069681,5212899.55280145],[-7910220.35249675,5212901.38335286],[-7910203.4172909,5212904.07237041],[-7910187.61109877,5212906.78663772],[-7910177.56194356,5212908.60456603]]}"
"motorway";"highway";0;0;1;1;0;"{""type"":""LineString"",""coordinates"":[[-7910328.58852316,5213135.97460122],[-7910326.06923634,5213166.56455681],[-7910322.8781397,5213219.4375649]]}"
"motorway";"highway";0;0;1;1;0;"{""type"":""LineString"",""coordinates"":[[-7910338.74964667,5213137.64107583],[-7910333.16056221,5213169.20315025],[-7910328.60718454,5213192.29403054],[-7910322.8781397,5213219.4375649],[-7910318.97791047,5213241.98569492],[-7910314.86307533,5213258.66326573],[-7910309.90847791,5213271.42711911],[-7910304.00214992,5213283.07998938],[-7910296.91082405,5213294.11424813],[-7910289.50225466,5213302.90126429],[-7910280.13423996,5213310.46365973],[-7910270.47697381,5213317.30643344],[-7910258.79494751,5213322.52057981],[-7910247.41150336,5213326.15659643],[-7910234.08727528,5213328.68160878],[-7910219.78332455,5213330.0577408],[-7910207.17755975,5213329.66636378],[-7910194.09592966,5213327.02772561],[-7910180.30516698,5213322.79833104],[-7910169.4162495,5213316.86455676],[-7910159.22713391,5213308.77190464],[-7910151.59462791,5213299.7197575],[-7910144.56861689,5213288.93799243],[-7910139.43673632,5213277.94161469],[-7910134.48213891,5213266.30137572],[-7910129.42490388,5213250.45703872],[-7910126.08451617,5213237.20084089],[-7910123.98511049,5213223.79316253],[-7910123.35995413,5213210.09513034],[-7910123.9664491,5213197.11673654],[-7910125.56199742,5213184.89585282],[-7910127.80136349,5213171.8543693],[-7910131.58962441,5213157.89129068],[-7910135.96571893,5213146.93293962],[-7910141.88137761,5213135.04036559],[-7910148.59014511,5213123.52655019],[-7910156.11068281,5213113.09847947],[-7910164.02310956,5213102.152805],[-7910171.55297795,5213094.26233241],[-7910179.68934132,5213086.27086847],[-7910190.95148648,5213077.74917265],[-7910203.20268499,5213069.92184398],[-7910216.56423583,5213062.7131325],[-7910231.48401223,5213056.98151643],[-7910249.36161797,5213051.96951138],[-7910266.36213867,5213048.40934821],[-7910283.13872276,5213045.93490934],[-7910298.8236159,5213044.63456672],[-7910316.22535635,5213044.18007809],[-7910447.95606504,5213045.56879344],[-7910474.00735691,5213046.38939806],[-7910502.42864454,5213047.65186685],[-7910529.45032837,5213049.31832591],[-7910560.26027313,5213052.23462998],[-7910593.22560772,5213056.13566149],[-7910642.54764527,5213062.34701595]]}"
"motorway";"highway";0;0;1;1;0;"{""type"":""LineString"",""coordinates"":[[-7910386.5974349,5213366.06449548],[-7910395.47092293,5213328.84573461],[-7910400.90138563,5213304.11326716],[-7910411.8089645,5213249.00516853],[-7910416.26903524,5213223.3386653],[-7910419.83335956,5213196.35924329],[-7910422.47394538,5213169.01377749],[-7910425.29181434,5213137.90619682]]}"
"motorway";"highway";0;0;1;1;0;"{""type"":""LineString"",""coordinates"":[[-7910064.48328804,5213238.1603365],[-7910038.36668132,5213360.26957025]]}"
"motorway";"highway";0;0;1;1;0;"{""type"":""LineString"",""coordinates"":[[-7910432.40180159,5213319.90719374],[-7910444.79296048,5213297.62400361],[-7910454.79546223,5213278.81273945],[-7910508.12969731,5213178.81066659],[-7910514.7264965,5213167.70079313],[-7910522.34967181,5213155.70719435],[-7910530.68197971,5213144.29435237],[-7910538.71570546,5213134.560623],[-7910546.40419561,5213125.95051017],[-7910554.06469369,5213118.26201426],[-7910561.18401163,5213111.38151009],[-7910568.69521863,5213105.22062252],[-7910577.28878591,5213099.07236372],[-7910590.84628128,5213091.1566442]]}"
"minor";"highway";0;0;0;0;0;"{""type"":""LineString"",""coordinates"":[[-7910180.9769768,5213526.90980524],[-7910182.29260437,5213517.30193566],[-7910184.77456842,5213506.1032879],[-7910209.49157135,5213421.1227747],[-7910216.96545558,5213394.69829576]]}"
"minor";"highway";0;0;1;0;0;"{""type"":""LineString"",""coordinates"":[[-7910488.16201657,5213270.3161203],[-7910557.80630115,5213292.15737064]]}"
"secondary";"highway";0;0;1;0;0;"{""type"":""LineString"",""coordinates"":[[-7910399.01658586,5213378.3487387],[-7910377.44402612,5213372.83155863]]}"
"secondary";"highway";0;0;0;0;0;"{""type"":""LineString"",""coordinates"":[[-7910245.25611352,5213545.87306656],[-7910276.52326218,5213438.20466774]]}"
"secondary";"highway";0;0;1;0;0;"{""type"":""LineString"",""coordinates"":[[-7910374.21560671,5213387.06008219],[-7910393.8847053,5213392.5393951]]}"
"secondary";"highway";0;0;0;0;0;"{""type"":""LineString"",""coordinates"":[[-7910335.75449456,5213573.57313173],[-7910318.78196594,5213568.1315902],[-7910245.25611352,5213545.87306656],[-7910180.9769768,5213526.90980524],[-7910101.82471715,5213502.75758398],[-7910035.53015098,5213483.3777751]]}"
"primary";"highway";0;0;1;0;0;"{""type"":""LineString"",""coordinates"":[[-7910335.75449456,5213573.57313173],[-7910347.94037823,5213533.0709672],[-7910358.09217105,5213500.91429101],[-7910393.8847053,5213392.5393951],[-7910399.01658586,5213378.3487387],[-7910402.14236766,5213369.85203023]]}"
"primary";"highway";0;0;1;0;0;"{""type"":""LineString"",""coordinates"":[[-7910099.40806794,5213246.13930367],[-7910082.30490963,5213286.52661573],[-7910076.77180931,5213300.89388488],[-7910073.24480776,5213311.94078943],[-7910069.99772697,5213325.08346638],[-7910067.02123624,5213339.04679155],[-7910064.52061081,5213352.99751223],[-7910062.97171595,5213365.34486405],[-7910062.04797744,5213377.88160891],[-7910060.77900334,5213419.784505],[-7910059.77128861,5213432.49807477],[-7910058.21306306,5213445.36316424],[-7910055.83373662,5213456.20823361],[-7910051.89618462,5213466.85131144],[-7910047.27749212,5213474.08558113],[-7910042.11761948,5213480.19620766],[-7910035.53015098,5213483.3777751]]}"
"primary";"highway";0;0;1;0;0;"{""type"":""LineString"",""coordinates"":[[-7910427.92306946,5213257.74164296],[-7910449.57027474,5213143.46111445],[-7910455.96179872,5213110.16953189],[-7910461.36426935,5213085.56388304]]}"
"rail";"railway";0;0;0;0;0;"{""type"":""LineString"",""coordinates"":[[-7909782.42580164,5213791.95702135],[-7909923.95373686,5213408.57334741],[-7909941.86866537,5213360.49682215],[-7909961.56575603,5213314.8066742],[-7909983.67016522,5213264.66012842],[-7909999.79360088,5213232.04986617],[-7910021.33816855,5213187.35770313],[-7910044.71155184,5213140.87302742],[-7910061.78671807,5213106.39472578],[-7910075.26023722,5213079.51663485],[-7910086.60635861,5213061.53903465],[-7910097.90582654,5213045.7834131],[-7910112.50835941,5213028.58860604],[-7910129.19163658,5213009.84099957],[-7910141.68543308,5212997.48148671],[-7910154.78572455,5212983.83428033]]}"
"rail";"railway";0;0;0;0;0;"{""type"":""LineString"",""coordinates"":[[-7909789.62909581,5213723.02105279],[-7909901.28948616,5213421.75403405],[-7909921.29448966,5213369.80152975],[-7909945.78755598,5213311.89028927],[-7909974.45144159,5213254.25715219],[-7909993.55136798,5213220.52330788],[-7910018.27770159,5213183.87323826],[-7910044.71155184,5213140.87302742]]}"
"rail";"railway";0;0;0;0;0;"{""type"":""LineString"",""coordinates"":[[-7910164.12574718,5212901.66109173],[-7910084.15238663,5213064.56896488],[-7910075.26023722,5213079.51663485]]}"
"rail";"railway";0;0;0;0;0;"{""type"":""LineString"",""coordinates"":[[-7910297.23739827,5212818.09993406],[-7910303.84352816,5212830.01735881],[-7910312.45575681,5212843.43710399],[-7910325.11750576,5212859.41962873],[-7910338.31110415,5212872.71317103],[-7910352.7083618,5212884.47917086],[-7910368.29994802,5212895.09635708],[-7910385.84164885,5212906.33215569],[-7910406.56511563,5212917.44172249],[-7910424.02284024,5212926.93536263],[-7910443.03879039,5212935.4821718],[-7910459.88068933,5212942.64028822],[-7910477.28242978,5212949.17980672],[-7910498.64971431,5212957.12065668]]}"
"rail";"railway";0;0;0;0;0;"{""type"":""LineString"",""coordinates"":[[-7910156.96910646,5212904.02187242],[-7910121.4191702,5212976.25952117],[-7910098.31637698,5213023.10950375],[-7910080.39211778,5213059.62007934],[-7910056.41223952,5213107.41733198],[-7910038.80522384,5213142.8803729],[-7910018.27770159,5213183.87323826],[-7909981.31883085,5213258.14564197],[-7909954.74502023,5213314.86979943],[-7909936.82076103,5213359.6509401],[-7909916.51717539,5213413.10578452],[-7909778.28297442,5213789.01523808]]}"
"rail";"railway";0;0;0;0;0;"{""type"":""LineString"",""coordinates"":[[-7909790.81409368,5213668.69329789],[-7909863.070972,5213474.31283577],[-7909877.11366336,5213440.86858732],[-7909894.4220969,5213405.03830047],[-7909914.72568254,5213368.00876313]]}"
"rail";"railway";0;0;0;0;0;"{""type"":""LineString"",""coordinates"":[[-7910094.60276159,5213085.07151822],[-7910073.76732651,5213127.06149203]]}"
"rail";"railway";0;0;0;0;0;"{""type"":""LineString"",""coordinates"":[[-7910092.15812031,5213077.53455226],[-7910061.02160133,5213124.54915823]]}"
"rail";"railway";0;0;0;0;0;"{""type"":""LineString"",""coordinates"":[[-7910116.05402234,5212958.16849589],[-7910096.66484451,5213010.67422573]]}"
"rail";"railway";0;0;0;0;0;"{""type"":""LineString"",""coordinates"":[[-7910048.16390785,5213170.44038572],[-7910039.41171882,5213192.72327653],[-7910024.17469889,5213234.67585294]]}"
"rail";"railway";0;0;0;0;0;"{""type"":""LineString"",""coordinates"":[[-7910007.79000386,5213230.18137603],[-7910021.33816855,5213187.35770313],[-7910038.80522384,5213142.8803729],[-7910057.96113438,5213087.59646628],[-7910070.71619025,5213051.89376322],[-7910078.82456154,5213032.86836788],[-7910096.83279697,5212996.8250064],[-7910116.05402234,5212958.16849589],[-7910140.22984514,5212908.30157795]]}"
"rail";"railway";0;0;0;0;0;"{""type"":""LineString"",""coordinates"":[[-7910177.72056532,5212998.33996104],[-7910128.45451192,5213041.33952459]]}"
"rail";"railway";0;0;0;0;0;"{""type"":""LineString"",""coordinates"":[[-7910159.43240913,5212988.50538484],[-7910112.50835941,5213028.58860604]]}"
"rail";"railway";0;0;0;0;0;"{""type"":""LineString"",""coordinates"":[[-7910148.45951542,5212906.26903319],[-7910126.13116963,5212951.72996767],[-7910096.66484451,5213010.67422573],[-7910075.29755999,5213053.76221818],[-7910057.96113438,5213087.59646628],[-7910044.35698554,5213116.41879614],[-7910024.44528896,5213154.96232925],[-7909999.50434943,5213205.32291732],[-7909974.45144159,5213254.25715219],[-7909945.181061,5213310.09753361],[-7909914.72568254,5213368.00876313],[-7909893.52635047,5213419.07749467],[-7909783.35887083,5213720.04141418]]}"
"rail";"railway";0;0;0;0;0;"{""type"":""LineString"",""coordinates"":[[-7910067.41312531,5213111.23001281],[-7910061.02160133,5213124.54915823],[-7910046.26977739,5213155.20220106],[-7910032.18043257,5213181.67651108],[-7910007.79000386,5213230.18137603]]}"
"rail";"railway";0;0;0;0;0;"{""type"":""LineString"",""coordinates"":[[-7910169.60286334,5212996.72400943],[-7910119.75830704,5213040.74616463]]}"
"rail";"railway";0;0;0;0;0;"{""type"":""LineString"",""coordinates"":[[-7910096.66484451,5213010.67422573],[-7910089.0416692,5213032.62849917],[-7910080.39211778,5213059.62007934],[-7910068.98068155,5213090.32341095],[-7910061.78671807,5213106.39472578],[-7910046.26977739,5213155.20220106]]}"
"rail";"railway";0;0;0;0;0;"{""type"":""LineString"",""coordinates"":[[-7909973.48104963,5213274.07836677],[-7909999.79360088,5213232.04986617],[-7910011.3263361,5213214.99359487],[-7910032.18043257,5213181.67651108]]}"
"rail";"railway";0;0;0;0;0;"{""type"":""LineString"",""coordinates"":[[-7910069.36323992,5213122.74381325],[-7910056.30027121,5213149.21803251],[-7910048.16390785,5213170.44038572],[-7910034.78369562,5213223.79316253],[-7909994.75502723,5213405.34130444]]}"
"rail";"railway";0;0;0;0;0;"{""type"":""LineString"",""coordinates"":[[-7911882.51262675,5213208.97151383],[-7911882.62459505,5213208.97151383],[-7911471.94352038,5213211.31974623],[-7911444.91250585,5213211.622744],[-7911420.50341576,5213211.57224438],[-7911402.39254272,5213210.80212506],[-7911384.30966176,5213209.85525714],[-7911365.48965613,5213208.15089512],[-7911343.26394795,5213205.48704101],[-7911318.11773319,5213202.36869142],[-7911287.8116458,5213197.83635519],[-7911264.48491597,5213194.2508874],[-7911241.93263357,5213190.47604777],[-7911138.98710949,5213171.58924736],[-7911109.76338236,5213165.56719392],[-7911079.28001182,5213159.36839658],[-7911052.40761906,5213153.82609445],[-7911030.08860396,5213148.53629203],[-7911004.88640505,5213141.87038769],[-7910979.71219822,5213134.53537339],[-7910958.2236147,5213127.80635494],[-7910939.98211198,5213121.7338302],[-7910920.415651,5213114.80282439],[-7910840.10638554,5213088.03833227],[-7910815.20276877,5213079.83225314],[-7910788.50765916,5213071.09594287],[-7910671.7807031,5213035.94878762],[-7910643.6673283,5213026.31616692],[-7910618.4651294,5213017.66827857],[-7910596.48201921,5213010.04299378],[-7910574.82548323,5213002.69545697],[-7910557.41441209,5212997.01437571],[-7910539.22889352,5212991.61103937],[-7910410.33471517,5212953.825645],[-7910395.42426947,5212949.97515388],[-7910379.4314635,5212946.27615896],[-7910364.2784198,5212943.47350848],[-7910350.09576806,5212941.51670345],[-7910333.64575819,5212940.50673973],[-7910318.15680958,5212940.78447974],[-7910303.0970728,5212941.60507528],[-7910287.75741527,5212943.75124858],[-7910272.90295371,5212946.4276536],[-7910259.56006425,5212950.16452226],[-7910245.84394711,5212954.9618558],[-7910234.07794459,5212960.32729751],[-7910222.18131237,5212966.14722713],[-7910211.0497969,5212972.71201105],[-7910198.36005587,5212981.47347974],[-7910185.98755837,5212990.48744879],[-7910177.72056532,5212998.33996104],[-7910157.60359352,5213018.75399842],[-7910144.34468028,5213033.57534937],[-7910127.96931594,5213052.63862022],[-7910112.00450204,5213071.81555194],[-7910092.11146685,5213100.52421092],[-7910079.35641098,5213118.86800386],[-7910073.76732651,5213127.06149203],[-7910065.88289183,5213143.83985895],[-7910052.62397859,5213175.66707607],[-7910043.7131678,5213199.60383981],[-7910034.78369562,5213223.79316253],[-7910014.23751199,5213278.13098963]]}"
"rail";"railway";0;0;0;0;0;"{""type"":""LineString"",""coordinates"":[[-7910154.78572455,5212983.83428033],[-7910168.26857439,5212971.70204399],[-7910183.60823193,5212960.6050381],[-7910197.27769561,5212951.16186245],[-7910210.06074355,5212943.62500307],[-7910223.17036572,5212937.22435837],[-7910236.27998788,5212931.22770305],[-7910251.88090479,5212925.76128162],[-7910267.17390887,5212921.4815682],[-7910283.71722566,5212918.50218182],[-7910300.63377013,5212916.14139752],[-7910317.58763737,5212915.21980809],[-7910333.94434033,5212915.51017188],[-7910350.50631851,5212916.55800647],[-7910366.52711655,5212918.86829281],[-7910383.55562933,5212923.26162576],[-7910401.60118752,5212928.03369662],[-7910498.64971431,5212957.12065668]]}"
"rail";"railway";0;0;0;0;0;"{""type"":""LineString"",""coordinates"":[[-7910069.36323992,5213122.74381325],[-7910092.15812031,5213077.53455226],[-7910105.76226914,5213057.46125509],[-7910119.75830704,5213040.74616463],[-7910134.51946168,5213024.81383246],[-7910165.34806782,5212991.6362886],[-7910176.09702492,5212981.38510754],[-7910190.78353402,5212970.75519998],[-7910203.97713241,5212961.64025312],[-7910215.95774086,5212954.57049429],[-7910228.47952943,5212948.46020698],[-7910240.93600316,5212942.77915826],[-7910255.60385087,5212937.6283437],[-7910269.97311645,5212933.61374018],[-7910285.68600166,5212930.77321985],[-7910301.8280987,5212928.51342874],[-7910317.81157398,5212927.64233621],[-7910333.43115227,5212927.93270038],[-7910349.22801371,5212928.94266276],[-7910364.58633263,5212930.81109346],[-7910381.21362565,5212934.56058048],[-7910398.6246968,5212939.34528158],[-7910518.25349805,5212974.1259651],[-7910869.0595226,5213079.04951981],[-7910888.4953539,5213085.14726666],[-7910909.49874143,5213092.02775177],[-7910986.87816962,5213117.06265997],[-7911006.95781866,5213123.02155861],[-7911026.59892517,5213128.19772361],[-7911047.32239196,5213133.22239381],[-7911066.3570035,5213137.04770984],[-7911088.48940476,5213140.58265672],[-7911243.24826113,5213165.46619515]]}"
"rail";"railway";0;0;0;0;0;"{""type"":""LineString"",""coordinates"":[[-7911880.66514975,5213204.19930138],[-7911470.04938991,5213206.10566109],[-7911444.87518308,5213206.11828599],[-7911420.62471475,5213206.08041129],[-7911402.65380209,5213205.32291732],[-7911384.70155082,5213204.37604995],[-7911366.06815903,5213202.6843138],[-7911343.93575777,5213200.02046124],[-7911318.85485786,5213196.93998811],[-7911288.63274669,5213192.40765448],[-7911265.36200101,5213188.83481362],[-7911242.87503346,5213185.07260102],[-7911140.03214699,5213166.19843624],[-7911110.86440401,5213160.18901106],[-7911080.38103347,5213153.97759242],[-7911053.59261693,5213148.46054309],[-7911031.4228929,5213143.20861812],[-7911006.36065438,5213136.58059196],[-7910981.28908516,5213129.25820655],[-7910959.90313925,5213122.55444142],[-7910941.75494344,5213116.53241917],[-7910922.19781315,5213109.60141717],[-7910850.54742981,5213085.86687679],[-7910819.14032077,5213075.45147227],[-7910791.09226082,5213066.51317062],[-7910673.6281801,5213030.30556041],[-7910645.60811223,5213020.6855701],[-7910620.40591332,5213012.05031153],[-7910598.40414175,5213004.42503128],[-7910576.63563747,5212997.01437571],[-7910559.07527525,5212991.8130332],[-7910541.37495266,5212986.43494904],[-7910411.91160211,5212948.08147029],[-7910396.84253464,5212944.21835695],[-7910380.64445345,5212940.45624154],[-7910365.23948107,5212937.60309462],[-7910350.68360166,5212935.59579265],[-7910333.77638787,5212934.56058048],[-7910317.95153436,5212934.83832032],[-7910302.5279006,5212935.67153989],[-7910286.81501538,5212937.86821],[-7910271.56866477,5212940.63298518],[-7910257.7685714,5212944.48347251],[-7910243.62324243,5212949.45754699],[-7910231.53999638,5212954.94923123],[-7910219.36344341,5212960.89540328],[-7910207.84003887,5212967.70005061],[-7910194.92636124,5212976.61300979],[-7910180.61307982,5212986.97780716],[-7910169.60286334,5212996.72400943],[-7910151.66927345,5213015.58521175],[-7910128.45451192,5213041.33952459],[-7910109.83978152,5213062.73838192],[-7910094.60276159,5213085.07151822],[-7910069.36323992,5213122.74381325]]}"
"rail";"railway";0;0;0;0;0;"{""type"":""LineString"",""coordinates"":[[-7910498.64971431,5212957.12065668],[-7910872.24128855,5213068.67199694],[-7910891.80774953,5213074.79498655],[-7910912.85779053,5213081.70071361],[-7910989.94796727,5213107.15221184],[-7911009.75702624,5213113.03535559],[-7911029.13687338,5213118.13576644],[-7911049.57108871,5213123.09730734],[-7911068.2044805,5213126.84687052],[-7911090.12227585,5213130.356564],[-7911174.75165166,5213144.05448084]]}"
"rail";"railway";0;0;0;0;0;"{""type"":""LineString"",""coordinates"":[[-7911201.87597311,5213153.2579771],[-7911087.94822463,5213135.17923845],[-7911067.33672615,5213131.65691839],[-7911048.51672052,5213127.85685412],[-7911027.93321412,5213122.85743635],[-7911008.44139868,5213117.74439818],[-7910988.50171002,5213111.82337718],[-7910911.20625806,5213086.80110757],[-7910890.2215319,5213079.76912948],[-7910870.70172438,5213073.65876138],[-7910618.91300261,5212998.31471179],[-7910399.28717593,5212933.44962121],[-7910382.79051259,5212929.0815326],[-7910365.3141266,5212925.0669327],[-7910349.86250077,5212922.84501651],[-7910333.69241165,5212921.80980573],[-7910317.69960568,5212921.53206628],[-7910301.24026511,5212922.42840728],[-7910284.7156097,5212924.73869505],[-7910268.59217404,5212927.64233621],[-7910253.77503525,5212931.78318254],[-7910238.64065294,5212937.08548841],[-7910225.86693569,5212942.93065284],[-7910213.04656497,5212949.17980672],[-7910200.68339816,5212956.4894283],[-7910187.24720178,5212965.75586516],[-7910172.24344916,5212976.61300979],[-7910159.43240913,5212988.50538484],[-7910145.3617257,5213003.76855048],[-7910122.76278984,5213028.28561413],[-7910105.76226914,5213048.35884945],[-7910091.8222154,5213066.46267176],[-7910082.78077492,5213081.03160272],[-7910073.57138198,5213099.50160548],[-7910067.41312531,5213111.23001281]]}"
"motorway";"highway";0;0;1;0;0;"{""type"":""LineString"",""coordinates"":[[-7910675.60628679,5213053.23198092],[-7910608.95715432,5213031.41653105],[-7910582.37401301,5213023.4124955],[-7910557.44240417,5213016.24169337],[-7910530.9245777,5213009.0835213],[-7910507.27127365,5213002.796454],[-7910481.80781537,5212996.59776322],[-7910456.50297885,5212991.20705173],[-7910433.0829421,5212987.0283056],[-7910407.39554721,5212983.27879779],[-7910379.09555859,5212979.76915883],[-7910348.36959005,5212976.36051792]]}"
"motorway";"highway";0;0;1;0;0;"{""type"":""LineString"",""coordinates"":[[-7910363.33601991,5213021.9101615],[-7910399.87500952,5213024.51084067],[-7910438.00954744,5213027.7553783],[-7910471.87995915,5213031.73214773],[-7910505.30249765,5213036.06240968],[-7910539.94735679,5213040.83453739],[-7910572.52080233,5213046.89438555],[-7910606.82042587,5213054.17883319],[-7910642.54764527,5213062.34701595],[-7910689.10779801,5213075.24947666],[-7910721.92384154,5213085.29876352],[-7910879.87379455,5213137.42645408]]}"
"motorway";"highway";0;0;1;0;0;"{""type"":""LineString"",""coordinates"":[[-7910338.33909623,5213501.49505451],[-7910344.48802221,5213469.80561986],[-7910351.23411248,5213437.53553166],[-7910359.09055508,5213404.74792168],[-7910366.0139285,5213375.0914558],[-7910374.50485815,5213338.88266555],[-7910425.29181434,5213137.90619682]]}"
"motorway";"highway";0;0;1;0;0;"{""type"":""LineString"",""coordinates"":[[-7910103.32695855,5213296.57612683],[-7910087.50210503,5213331.13087141]]}"
"motorway";"highway";0;0;1;0;0;"{""type"":""LineString"",""coordinates"":[[-7910212.35609377,5213102.24117833],[-7910165.64664996,5213178.0910494],[-7910149.49522223,5213206.30765949],[-7910133.06387373,5213236.05197129]]}"
"pedestrian";"highway";0;1;0;0;0;"{""type"":""LineString"",""coordinates"":[[-7910130.51659484,5212911.01584647],[-7910154.44981964,5212862.81560309],[-7910152.15446943,5212848.22175904]]}"
"pedestrian";"highway";0;1;0;0;0;"{""type"":""LineString"",""coordinates"":[[-7910058.06377199,5212874.64471292],[-7910022.30856051,5212947.07150586]]}"
"path";"highway";0;1;0;0;0;"{""type"":""LineString"",""coordinates"":[[-7910031.25669407,5212893.97277795],[-7910024.61324141,5212902.89829223],[-7910016.55152359,5212910.76335634],[-7910007.78067317,5212918.11082182],[-7909997.51691205,5212927.21310225],[-7909987.95295282,5212936.16389694],[-7909979.89123499,5212945.29144383],[-7909973.35975063,5212954.7093645],[-7909966.39905445,5212967.16981818],[-7909898.51827065,5213100.4989614]]}"
"motorway";"highway";0;1;1;1;0;"{""type"":""LineString"",""coordinates"":[[-7910402.14236766,5213369.85203023],[-7910432.40180159,5213319.90719374]]}"
"primary";"highway";0;1;1;0;0;"{""type"":""LineString"",""coordinates"":[[-7910402.14236766,5213369.85203023],[-7910408.93511138,5213343.32669372],[-7910415.35462743,5213318.97293996],[-7910420.69178322,5213294.72024898],[-7910427.92306946,5213257.74164296]]}"
"rail";"railway";0;1;0;0;0;"{""type"":""LineString"",""coordinates"":[[-7910211.02180482,5212805.46293543],[-7910164.12574718,5212901.66109173]]}"
"rail";"railway";0;1;0;0;0;"{""type"":""LineString"",""coordinates"":[[-7910191.94053982,5212815.36044341],[-7910148.45951542,5212906.26903319]]}"
"rail";"railway";0;1;0;0;0;"{""type"":""LineString"",""coordinates"":[[-7910140.22984514,5212908.30157795],[-7910183.5242557,5212818.6680313]]}"
"rail";"railway";0;1;0;0;0;"{""type"":""LineString"",""coordinates"":[[-7910200.59009124,5212812.38109043],[-7910156.96910646,5212904.02187242]]}"
"path";"highway";0;1;0;0;1;"{""type"":""LineString"",""coordinates"":[[-7910179.34410571,5213310.56466005],[-7910165.38539059,5213363.36272162]]}"
"motorway";"highway";0;1;1;1;1;"{""type"":""LineString"",""coordinates"":[[-7910414.90675422,5212998.01172085],[-7910418.30312608,5212980.26151817],[-7910420.04796547,5212967.09407069],[-7910420.31855554,5212957.77713425],[-7910419.63741503,5212949.26817863],[-7910417.73395387,5212941.70607166],[-7910415.17734428,5212934.54795594],[-7910411.2304616,5212927.71808339],[-7910405.96795135,5212921.64568696],[-7910397.7009583,5212915.78791115],[-7910390.47900274,5212912.34141975],[-7910382.61322945,5212909.63977536],[-7910374.448874,5212907.64510382],[-7910357.07512563,5212903.60526402],[-7910337.64862503,5212900.10827908]]}"
"motorway";"highway";0;1;1;1;1;"{""type"":""LineString"",""coordinates"":[[-7910479.16722955,5213084.52865448],[-7910479.31652062,5213068.82349354],[-7910480.07230667,5213055.693797],[-7910481.14533624,5213042.09700543],[-7910482.90883701,5213026.13942168],[-7910486.07194158,5213005.18250917]]}"
"motorway";"highway";0;1;1;1;1;"{""type"":""LineString"",""coordinates"":[[-7910447.94673435,5212835.63521784],[-7910444.5317011,5212844.72479456],[-7910440.6034798,5212853.29677839],[-7910435.82616553,5212861.08605466],[-7910431.0021978,5212867.19628558],[-7910425.65571132,5212872.70054658],[-7910417.57533211,5212878.810785],[-7910408.95377277,5212884.01206544],[-7910398.98859378,5212888.46850459],[-7910387.78243277,5212892.0538566],[-7910376.55761038,5212895.17210399],[-7910365.23948107,5212897.5960055],[-7910352.43777174,5212899.04782181],[-7910337.64862503,5212900.10827908]]}"
"motorway";"highway";0;1;1;1;1;"{""type"":""LineString"",""coordinates"":[[-7910353.14690432,5213241.3670725],[-7910359.4171293,5213219.57643899],[-7910414.90675422,5212998.01172085],[-7910434.06266476,5212925.19317796],[-7910447.23760176,5212878.49517341],[-7910454.81412361,5212854.26885952],[-7910462.86651075,5212830.62332996],[-7910470.71362266,5212807.36921486],[-7910478.91530087,5212784.32977061]]}"
"primary";"highway";0;1;1;0;1;"{""type"":""LineString"",""coordinates"":[[-7910461.36426935,5213085.56388304],[-7910464.84461744,5213072.33316551],[-7910468.8194922,5213058.45860658],[-7910486.07194158,5213005.18250917],[-7910502.70856529,5212950.72000286]]}"
"motorway";"highway";0;1;1;0;1;"{""type"":""LineString"",""coordinates"":[[-7910133.06387373,5213236.05197129],[-7910121.55913058,5213258.6758907],[-7910111.11808631,5213280.18886421],[-7910103.32695855,5213296.57612683]]}"
"path";"highway";0;1;1;0;2;"{""type"":""LineString"",""coordinates"":[[-7910017.14868787,5213348.0863512],[-7910007.56606726,5213377.54073043],[-7909984.77118687,5213440.47720572]]}"
"path";"highway";0;1;1;0;2;"{""type"":""LineString"",""coordinates"":[[-7909995.78140335,5213436.90427125],[-7910016.6541612,5213376.97259966],[-7910020.56372112,5213367.09975483],[-7910025.322374,5213357.39104661],[-7910033.80397297,5213343.18781781]]}"
"path";"highway";0;1;1;0;2;"{""type"":""LineString"",""coordinates"":[[-7910033.80397297,5213343.18781781],[-7910038.72124761,5213336.6354021],[-7910044.30100139,5213331.47174822],[-7910051.96149947,5213326.62372366],[-7910060.34046082,5213322.34382904],[-7910069.40056269,5213318.97293996],[-7910077.92881511,5213317.5841845],[-7910087.07289321,5213316.77618142],[-7910099.47338278,5213317.67255984],[-7910112.6389891,5213320.32382046],[-7910290.63126838,5213365.42061472]]}"
"path";"highway";0;1;1;0;2;"{""type"":""LineString"",""coordinates"":[[-7910017.14868787,5213348.0863512],[-7910006.87559605,5213360.3958213],[-7909999.49501873,5213368.56426825],[-7909991.5545999,5213375.53333519],[-7909983.69815729,5213380.11625702],[-7909974.9086455,5213383.37354165],[-7909920.94925406,5213397.34957794],[-7909912.28104125,5213400.98562329],[-7909903.88341851,5213405.99781308],[-7909896.6148095,5213412.60077749],[-7909889.54214501,5213421.413154],[-7909870.39556517,5213460.22305872],[-7909863.92006497,5213475.42385851]]}"
"path";"highway";0;1;1;0;2;"{""type"":""LineString"",""coordinates"":[[-7910294.55015899,5213351.50775103],[-7910115.81142436,5213306.32264779],[-7910101.4234974,5213303.43151553],[-7910088.54714253,5213302.67401377],[-7910076.75314793,5213303.72189122],[-7910065.77092352,5213305.88077162],[-7910055.07795057,5213309.95865818],[-7910045.63529034,5213314.90767456],[-7910037.65754873,5213320.81619751],[-7910028.16823504,5213329.47698781],[-7910022.15926944,5213338.32716217],[-7910017.14868787,5213348.0863512]]}"
"path";"highway";0;1;1;0;2;"{""type"":""LineString"",""coordinates"":[[-7909981.72005061,5213501.54555568],[-7910006.77295844,5213434.37923004],[-7910014.23751199,5213414.87330933],[-7910017.75518285,5213402.60164389],[-7910033.80397297,5213343.18781781]]}"
"motorway";"highway";0;1;1;1;2;"{""type"":""LineString"",""coordinates"":[[-7910307.78108015,5213354.96702739],[-7910319.11787085,5213331.01724581],[-7910330.36135463,5213305.77977136],[-7910338.74964667,5213284.05211463],[-7910346.18620814,5213263.43550563],[-7910353.14690432,5213241.3670725]]}"
"motorway";"highway";0;1;1;1;2;"{""type"":""LineString"",""coordinates"":[[-7910342.4259393,5213194.04888925],[-7910335.9504391,5213229.33550562],[-7910332.27414647,5213247.55329856],[-7910328.40190932,5213264.04150452],[-7910324.53900286,5213278.95161441],[-7910319.61239752,5213294.11424813],[-7910314.05130513,5213309.4031565],[-7910307.17458518,5213325.62634392],[-7910294.55015899,5213351.50775103]]}"
"motorway";"highway";0;1;1;1;2;"{""type"":""LineString"",""coordinates"":[[-7910061.8706943,5213232.17611551],[-7910051.37366587,5213278.80011445],[-7910048.31319892,5213288.5339921],[-7910044.53426869,5213296.52562676],[-7910028.16823504,5213329.47698781]]}"
"motorway";"highway";0;1;1;1;2;"{""type"":""LineString"",""coordinates"":[[-7910380.90571282,5212775.69472759],[-7910355.46091592,5212806.59912842],[-7910345.83164185,5212818.50391432],[-7910337.39669634,5212830.0299832],[-7910329.92281211,5212841.50556848],[-7910323.24203668,5212853.0442898],[-7910316.41197019,5212865.83284528],[-7910270.27169859,5212965.9199847],[-7910257.70325656,5212991.28279942],[-7910246.24516686,5213012.98453503],[-7910201.1032793,5213094.81782147]]}"
"motorway";"highway";0;1;1;1;2;"{""type"":""LineString"",""coordinates"":[[-7910220.4178116,5213300.71713451],[-7910207.48547258,5213304.13851722],[-7910193.49876538,5213306.41102302],[-7910180.30516698,5213307.20640019],[-7910167.12089929,5213307.30740047],[-7910101.4234974,5213303.43151553]]}"
"motorway";"highway";0;1;1;1;2;"{""type"":""LineString"",""coordinates"":[[-7910361.8431092,5213064.24072239],[-7910342.4259393,5213194.04888925]]}"
"motorway";"highway";0;1;1;1;2;"{""type"":""LineString"",""coordinates"":[[-7910405.3334643,5213136.10084929],[-7910408.29129364,5213097.73413954],[-7910410.26006964,5213078.15316398],[-7910413.32986728,5213058.47123128],[-7910417.15545098,5213038.94083563],[-7910421.14898712,5213021.07693435],[-7910437.35639901,5212954.7093645],[-7910444.62500802,5212927.40247017],[-7910450.88590231,5212904.79196678],[-7910456.95085206,5212884.56754216],[-7910491.42775875,5212776.74254671],[-7910542.55995053,5212615.40501524]]}"
"motorway";"highway";0;1;1;1;2;"{""type"":""LineString"",""coordinates"":[[-7910599.88772176,5212431.99106192],[-7910514.3812609,5212618.38430625],[-7910504.75198683,5212639.97156992],[-7910475.21101617,5212708.02858124],[-7910465.1245382,5212731.33294944],[-7910456.65226992,5212752.18826148],[-7910448.36661548,5212773.25823295],[-7910439.97832344,5212795.67905696],[-7910433.11093418,5212815.4235653],[-7910426.6074419,5212835.31960769],[-7910420.21591793,5212855.78379135],[-7910413.7777405,5212877.44734302],[-7910406.84503639,5212903.26440261],[-7910401.21862916,5212925.14267986],[-7910395.98411098,5212948.16984218],[-7910391.39341055,5212969.83360523],[-7910378.10650524,5213034.83781645],[-7910372.34946832,5213061.29916522],[-7910342.4259393,5213194.04888925]]}"
"motorway";"highway";0;1;1;1;2;"{""type"":""LineString"",""coordinates"":[[-7910453.2092446,5212736.60989451],[-7910429.08940595,5212779.81025881],[-7910415.88647687,5212803.59452947],[-7910403.26205069,5212825.58619595],[-7910370.23140125,5212877.67458334],[-7910362.94413085,5212890.3369273],[-7910354.91973579,5212905.95342069],[-7910349.87183146,5212920.35798593],[-7910345.87829531,5212934.82569579],[-7910342.69652936,5212949.7857855],[-7910340.75574544,5212962.20835897],[-7910339.12287435,5212979.33992249],[-7910337.48067257,5213019.8397184],[-7910336.528942,5213040.07705664],[-7910334.68146499,5213069.64410018],[-7910333.09524736,5213089.5533015],[-7910331.13580206,5213110.42202733],[-7910328.58852316,5213135.97460122]]}"
"motorway";"highway";0;1;1;1;2;"{""type"":""LineString"",""coordinates"":[[-7910405.3334643,5213136.10084929],[-7910422.08205631,5213069.70722377],[-7910450.98853992,5212953.24491509],[-7910458.71435284,5212923.36262194],[-7910467.5411874,5212892.25584831],[-7910477.87959407,5212857.6143343],[-7910488.1340245,5212827.03800121],[-7910499.75073595,5212795.38869685],[-7910511.35811672,5212764.23184639],[-7910546.86139952,5212676.88464242]]}"
"secondary";"highway";0;1;1;0;2;"{""type"":""LineString"",""coordinates"":[[-7910377.44402612,5213372.83155863],[-7910307.78108015,5213354.96702739],[-7910294.55015899,5213351.50775103]]}"
"secondary";"highway";0;1;1;0;2;"{""type"":""LineString"",""coordinates"":[[-7910290.63126838,5213365.42061472],[-7910303.46096979,5213368.753645],[-7910374.21560671,5213387.06008219]]}"
"secondary";"highway";0;1;1;0;2;"{""type"":""LineString"",""coordinates"":[[-7910294.55015899,5213351.50775103],[-7910290.63126838,5213365.42061472],[-7910275.77680683,5213415.88332366],[-7910274.6477931,5213422.32216751],[-7910274.78775348,5213429.24077324],[-7910276.52326218,5213438.20466774]]}"
"secondary";"highway";0;1;1;0;2;"{""type"":""LineString"",""coordinates"":[[-7910276.52326218,5213438.20466774],[-7910281.51518237,5213431.55118467],[-7910284.91155423,5213426.34960344],[-7910287.87871426,5213420.45363982],[-7910303.46096979,5213368.753645],[-7910307.78108015,5213354.96702739]]}"
"primary";"highway";0;1;1;0;2;"{""type"":""LineString"",""coordinates"":[[-7910372.99328606,5212768.67560485],[-7910345.64502801,5212797.01723845],[-7910334.66280361,5212808.98513415],[-7910325.56537897,5212819.18563103],[-7910314.81642187,5212831.74690157],[-7910304.9538805,5212843.97995392],[-7910294.41019861,5212858.24555609],[-7910284.47301171,5212872.48593084],[-7910276.00074344,5212886.36021725],[-7910267.50981378,5212900.73950371],[-7910251.82492064,5212930.57122733],[-7910169.78014649,5213091.72475782],[-7910155.38288884,5213120.11785753],[-7910140.77102527,5213150.89713427],[-7910127.23219128,5213179.97215412],[-7910099.40806794,5213246.13930367]]}"
"motorway";"highway";0;1;1;0;2;"{""type"":""LineString"",""coordinates"":[[-7910756.74598382,5211999.24213412],[-7910714.62724044,5212104.34423851],[-7910654.98545762,5212254.0214444],[-7910642.12776414,5212286.4137361],[-7910629.43802311,5212317.35441124],[-7910590.4730536,5212410.2149148],[-7910576.67296024,5212440.32281841],[-7910562.93818171,5212471.21350078],[-7910548.76486067,5212501.73818904],[-7910534.77815346,5212531.70751966],[-7910521.03404425,5212561.77793745],[-7910506.8607232,5212591.11625405],[-7910491.76366366,5212620.73239219],[-7910477.06782387,5212649.49018018],[-7910461.55088318,5212679.35898484],[-7910446.21122565,5212708.24319325],[-7910392.29848767,5212806.90211324],[-7910356.36599304,5212867.24678338],[-7910340.38251776,5212894.14952073],[-7910322.08503089,5212924.52407813],[-7910212.35609377,5213102.24117833]]}"
"motorway";"highway";0;1;1;0;2;"{""type"":""LineString"",""coordinates"":[[-7910425.29181434,5213137.90619682],[-7910482.14372028,5212908.60456603],[-7910490.23343018,5212876.70249981],[-7910546.86139952,5212676.88464242]]}"
"motorway";"highway";0;1;1;1;3;"{""type"":""LineString"",""coordinates"":[[-7910438.06553159,5212689.66033578],[-7910419.42280911,5212738.40254159],[-7910414.63616415,5212753.50118824],[-7910410.68928147,5212767.37530032],[-7910406.81704431,5212781.83015209],[-7910403.30870415,5212797.0298628],[-7910391.84128376,5212855.54392712],[-7910385.66436571,5212885.04727208],[-7910361.9644082,5212999.27418319],[-7910357.14044047,5213025.21782154],[-7910352.57773212,5213051.75489158],[-7910338.74964667,5213137.64107583]]}"
"motorway";"highway";0;1;1;1;3;"{""type"":""LineString"",""coordinates"":[[-7910438.06553159,5212689.66033578],[-7910374.25292947,5212996.08015379],[-7910369.30766275,5213020.54669893],[-7910365.83664535,5213040.73353995],[-7910361.8431092,5213064.24072239]]}"
